Method,Success Rate (%),Success Avg Time (s),Success Avg Path (m),Success Avg Energy (kJ),Success Avg Energy (Wh),Success Energy/km (kJ/km),All Avg Time (s),All Avg Path (m),All Avg Energy (kJ),All Avg Energy (Wh),Failure Breakdown
astar,100.0,278.7532029709884,4181.2980445648245,304.2238018321815,84.50661162005042,72.75821971783024,278.7532029709884,4181.2980445648245,304.2238018321815,84.50661162005042,None (Perfect)
teacher,95.0,361.89473684210526,3966.6013373675537,375.41864824715833,104.28295784643286,94.64491546213867,366.3,4007.165447603596,377.5782425693681,104.8828451581578,no_progress:1
rl_residual,80.0,176.25,3790.918499560682,240.1957241918592,66.72103449773866,63.360825145593274,167.1,3588.711800740058,230.67980200464214,64.07772277906726,storm_or_overload:4
