Method,Success Rate (%),Success Avg Time (s),Success Avg Path (m),Success Avg Energy (kJ),Success Avg Energy (Wh),Success Energy/km (kJ/km),All Avg Time (s),All Avg Path (m),All Avg Energy (kJ),All Avg Energy (Wh),Failure Breakdown
astar,100.0,210.94717102369083,3164.207565355361,230.39151036647388,63.997641768464966,72.81175637433236,210.94717102369083,3164.207565355361,230.39151036647388,63.997641768464966,None (Perfect)
teacher,90.0,272.22222222222223,2994.715751763287,282.76778945730507,78.54660818258473,94.42224668261473,260.1,2854.4548198554176,268.98109438293505,74.7169706619264,no_progress:1 | storm_or_overload:1
rl_residual,90.0,136.33333333333334,2951.042918877379,193.7849480723961,53.82915224233225,65.6665976739216,129.7,2805.2903455334103,185.7178369069148,51.58828802969855,storm_or_overload:2
