shield_enabled,success_rate,peak_master_power_w_mean,peak_master_risk_mean
False,1.0,2083.608270001644,2.3314683517128287e-15
True,1.0,2083.608270001644,2.3314683517128287e-15
