K_value,N0_value,risk_min,risk_mean,risk_median,risk_p95,risk_p99,risk_max,high_risk_threshold,high_risk_ratio
20.0,3.0,0.0,0.01074813662142416,0.0,0.01183934111644961,0.4009685064899428,0.9563135702126578,0.7,0.0036666666666666666
40.0,3.0,0.0,0.0013944244849890478,0.0,1.2313095335631036e-05,0.022536943617381004,0.5729334498316969,0.7,0.0
80.0,3.0,0.0,4.105831925240294e-05,0.0,1.3160988965310747e-11,4.510332988241545e-05,0.060903844583736655,0.7,0.0
200.0,3.0,0.0,4.208037799935394e-09,0.0,0.0,3.4938940629558485e-13,2.531403378780439e-05,0.7,0.0
