Method,Success Rate (%),Success Avg Time (s),Success Avg Path (m),Success Avg Energy (kJ),Success Avg Energy (Wh),Success Energy/km (kJ/km),All Avg Time (s),All Avg Path (m),All Avg Energy (kJ),All Avg Energy (Wh),Failure Breakdown
astar,95.0,123.35526312653137,1850.3289468979706,121.59707072633891,33.7769640906497,65.71646135147661,125.53807677780738,1883.0711516671104,125.53604834500146,34.87112454027818,maximum replans exceeded:1
teacher,95.0,163.47368421052633,1739.970967078446,152.91579860826488,42.476610724518025,87.88410927627318,166.0,1769.7155895347,157.39490564391687,43.72080712331024,storm_or_overload:1
rl_residual,95.0,82.94736842105263,1729.7771896024144,99.39505528569121,27.60973757935867,57.461189731919724,84.3,1763.879196334193,103.11396566968592,28.642768241579425,storm_or_overload:1
