Method,Success Rate (%),Success Avg Time (s),Success Avg Path (m),Success Avg Energy (kJ),Success Avg Energy (Wh),Success Energy/km (kJ/km),All Avg Time (s),All Avg Path (m),All Avg Energy (kJ),All Avg Energy (Wh),Failure Breakdown
astar,100.0,210.94717102369083,3164.207565355361,230.35651255545426,63.987920154292844,72.80069584486432,210.94717102369083,3164.207565355361,230.35651255545426,63.987920154292844,None (Perfect)
teacher,90.0,272.22222222222223,2994.5619871359213,282.66886321003017,78.51912866945283,94.39405977379089,260.1,2854.316431690789,268.88888285339993,74.69135634816665,no_progress:1 | storm_or_overload:1
rl_residual,90.0,136.22222222222223,2948.922162538523,193.53257977524086,53.75904993756691,65.62824283182913,129.6,2803.38166482844,185.49070543947508,51.52519595540974,storm_or_overload:2
