profile,x0_m,y0_m,x1_m,y1_m
Profile A,-2167.2240802675587,-8640.0,-2167.2240802675587,8640.0
Profile B,-8640.0,-2571.772575250837,8640.0,-2571.772575250837
