Method,Success Rate (%),Success Avg Time (s),Success Avg Path (m),Success Avg Energy (kJ),Success Avg Energy (Wh),Success Energy/km (kJ/km),All Avg Time (s),All Avg Path (m),All Avg Energy (kJ),All Avg Energy (Wh),Failure Breakdown
astar,100.0,210.94717102369083,3164.207565355361,230.35651255545426,63.987920154292844,72.80069584486432,210.94717102369083,3164.207565355361,230.35651255545426,63.987920154292844,None (Perfect)
teacher,90.0,272.22222222222223,2994.5619871359213,282.66886321003017,78.51912866945283,94.39405977379089,260.1,2854.316431690789,268.88888285339993,74.69135634816665,no_progress:1 | storm_or_overload:1
rl_residual,90.0,136.55555555555554,2945.764059129402,193.45570525911543,53.73769590530984,65.67250512123154,129.9,2800.5034774838523,185.4127502086294,51.50354172461928,storm_or_overload:2
