Method,Success Rate (%),Success Avg Time (s),Success Avg Path (m),Success Avg Energy (kJ),Success Avg Energy (Wh),Success Energy/km (kJ/km),All Avg Time (s),All Avg Path (m),All Avg Energy (kJ),All Avg Energy (Wh),Failure Breakdown
astar,95.0,123.35526312653137,1850.3289468979706,121.5824889830155,33.772913606393196,65.70858072930515,125.53807677780738,1883.0711516671104,125.52219568884422,34.8672765802345,maximum replans exceeded:1
teacher,95.0,163.47368421052633,1739.970967078446,152.87677389131815,42.46577052536615,87.86168090379738,166.0,1769.7155895347,157.35783216281746,43.71050893411596,storm_or_overload:1
rl_residual,95.0,82.94736842105263,1729.7193072497348,99.36063782163627,27.600177172676744,57.44321486450906,84.3,1763.8242080991472,103.08126907883376,28.633685855231597,storm_or_overload:1
