point_type,x_m,y_m
ridge_point,-2225.016722408027,6443.879598662206
leeward_point,-2976.321070234114,6501.672240802674
gentle_or_valley_point,-7715.3177257525085,-7830.903010033445
