{
  "mean_reward": 57.896164459834225,
  "std_reward": 20.010647888575825,
  "mean_length": 111.8,
  "success_rate": 0.92,
  "storm_risk_fail_rate": 0.0,
  "max_p_crash_mean": 2.172033331448997e-06,
  "max_p_crash_max": 0.0001085722783600307
}